meso_cluster_id	meso_cluster_no	parent_macro_cluster_id	n_works
1	02.001	2	383002
2	09.001	9	394213
3	03.001	3	361783
4	17.001	17	372618
5	06.001	6	377114
6	03.002	3	327082
7	04.001	4	339741
8	06.002	6	358901
9	05.001	5	316462
10	07.001	7	347134
11	04.002	4	330170
12	06.003	6	332486
13	14.001	14	304001
14	01.001	1	285777
15	16.001	16	288737
16	02.002	2	265732
17	06.004	6	288355
18	02.003	2	265944
19	05.002	5	287837
20	10.001	10	300998
21	06.005	6	298970
22	20.001	20	257998
23	01.002	1	246354
24	02.004	2	247933
25	16.002	16	262079
26	07.002	7	269382
27	12.001	12	251989
28	05.003	5	266496
29	08.001	8	289071
30	11.001	11	254100
31	02.005	2	238398
32	18.001	18	249818
33	05.004	5	244748
34	17.002	17	251843
35	02.006	2	236675
36	03.003	3	232353
37	01.003	1	223881
38	03.004	3	236194
39	09.002	9	236420
40	04.003	4	248201
41	14.002	14	227142
42	09.003	9	229286
43	04.004	4	236486
44	07.003	7	236904
45	02.007	2	225830
46	07.004	7	248158
47	09.004	9	231886
48	03.005	3	221197
49	14.003	14	214749
50	10.002	10	248877
51	04.005	4	236394
52	07.005	7	228431
53	01.004	1	211833
54	07.006	7	236371
55	03.006	3	220343
56	01.005	1	210058
57	13.001	13	194428
58	02.008	2	208872
59	08.002	8	249561
60	11.002	11	228651
61	03.007	3	205226
62	09.005	9	207761
63	06.006	6	233738
64	04.006	4	215624
65	04.007	4	216240
66	05.005	5	204149
67	17.003	17	203298
68	07.007	7	204012
69	01.006	1	198794
70	12.002	12	197011
71	01.007	1	187285
72	05.006	5	201701
73	02.009	2	188260
74	02.010	2	185285
75	03.008	3	183851
76	11.003	11	200569
77	13.002	13	168338
78	04.008	4	200760
79	02.011	2	180431
80	06.007	6	205024
81	05.007	5	188761
82	05.008	5	185759
83	04.009	4	199344
84	06.008	6	189464
85	02.012	2	177876
86	09.006	9	191980
87	05.009	5	195123
88	12.003	12	176077
89	04.010	4	179105
90	05.010	5	180647
91	10.003	10	209453
92	01.008	1	172098
93	06.009	6	191469
94	02.013	2	172958
95	07.008	7	205328
96	07.009	7	192198
97	03.009	3	164193
98	03.010	3	174113
99	01.009	1	168344
100	02.014	2	169166
101	07.010	7	181551
102	05.011	5	173450
103	18.002	18	173247
104	02.015	2	155255
105	09.007	9	166640
106	02.016	2	163638
107	10.004	10	177867
108	14.004	14	173551
109	06.010	6	184804
110	04.011	4	166573
111	02.017	2	160419
112	05.012	5	170192
113	01.010	1	152463
114	06.011	6	181059
115	03.011	3	169344
116	10.005	10	179931
117	12.004	12	162296
118	15.001	15	163497
119	04.012	4	160700
120	09.008	9	160753
121	01.011	1	155243
122	04.013	4	168078
123	01.012	1	152423
124	15.002	15	159755
125	02.018	2	153957
126	13.003	13	147313
127	09.009	9	161974
128	07.011	7	163164
129	04.014	4	153079
130	03.012	3	172628
131	02.019	2	153811
132	01.013	1	148639
133	02.020	2	146956
134	10.006	10	172093
135	13.004	13	147754
136	04.015	4	167552
137	05.013	5	154070
138	09.010	9	149870
139	18.003	18	155673
140	01.014	1	146757
141	09.011	9	156052
142	14.005	14	149195
143	04.016	4	144650
144	02.021	2	146560
145	06.012	6	172645
146	08.003	8	162137
147	02.022	2	145191
148	03.013	3	153417
149	05.014	5	150182
150	02.023	2	145037
151	03.014	3	155555
152	01.015	1	136805
153	01.016	1	141431
154	01.017	1	143375
155	11.004	11	146468
156	01.018	1	136883
157	15.003	15	143838
158	17.004	17	148129
159	11.005	11	146637
160	03.015	3	154032
161	01.019	1	137450
162	12.005	12	141078
163	15.004	15	139126
164	08.004	8	163894
165	13.005	13	131327
166	14.006	14	137817
167	03.016	3	136513
168	01.020	1	135215
169	01.021	1	133004
170	05.015	5	142651
171	02.024	2	130186
172	07.012	7	145947
173	13.006	13	125407
174	04.017	4	137712
175	11.006	11	138148
176	03.017	3	130410
177	02.025	2	137340
178	19.001	19	147440
179	08.005	8	153394
180	05.016	5	135099
181	06.013	6	153939
182	06.014	6	157436
183	01.022	1	127799
184	08.006	8	148284
185	15.005	15	139183
186	02.026	2	128957
187	03.018	3	130344
188	15.006	15	129798
189	03.019	3	136293
190	04.018	4	140614
191	02.027	2	133149
192	06.015	6	147949
193	08.007	8	150536
194	16.003	16	138850
195	12.006	12	129141
196	05.017	5	136064
197	01.023	1	124405
198	05.018	5	131967
199	07.013	7	132383
200	03.020	3	140482
201	03.021	3	130309
202	02.028	2	132339
203	14.007	14	122237
204	01.024	1	123859
205	11.007	11	126238
206	01.025	1	117995
207	15.007	15	128275
208	08.008	8	139977
209	11.008	11	135484
210	03.022	3	118757
211	03.023	3	128811
212	04.019	4	126707
213	01.026	1	113680
214	09.012	9	121508
215	07.014	7	124597
216	01.027	1	121540
217	01.028	1	114197
218	12.007	12	120062
219	10.007	10	140235
220	05.019	5	121306
221	08.009	8	138041
222	09.013	9	118509
223	19.002	19	145045
224	01.029	1	111976
225	07.015	7	126472
226	16.004	16	128169
227	03.024	3	115459
228	08.010	8	135500
229	03.025	3	120494
230	09.014	9	117328
231	11.009	11	130451
232	03.026	3	107365
233	02.029	2	111868
234	01.030	1	110247
235	16.005	16	115404
236	12.008	12	113662
237	05.020	5	115060
238	03.027	3	109959
239	08.011	8	127334
240	10.008	10	237729
241	07.016	7	123462
242	13.007	13	100050
243	01.031	1	103542
244	05.021	5	112012
245	16.006	16	116450
246	15.008	15	114771
247	10.009	10	124573
248	04.020	4	111574
249	02.030	2	108121
250	02.031	2	105141
251	15.009	15	107206
252	07.017	7	116802
253	02.032	2	106247
254	05.022	5	110648
255	06.016	6	120125
256	07.018	7	127642
257	01.032	1	104224
258	03.028	3	105638
259	10.010	10	109523
260	02.033	2	106748
261	09.015	9	118544
262	13.008	13	103216
263	15.010	15	107275
264	10.011	10	117794
265	01.033	1	99005
266	01.034	1	98951
267	11.010	11	107197
268	10.012	10	114983
269	11.011	11	107094
270	08.012	8	128535
271	02.034	2	102288
272	01.035	1	98052
273	01.036	1	96207
274	01.037	1	97194
275	20.002	20	100093
276	03.029	3	104057
277	13.009	13	99864
278	12.009	12	101701
279	01.038	1	97073
280	03.030	3	99218
281	09.016	9	101869
282	03.031	3	104504
283	15.011	15	96067
284	17.005	17	116093
285	03.032	3	93422
286	07.019	7	101371
287	06.017	6	107994
288	05.023	5	98864
289	06.018	6	105405
290	03.033	3	100449
291	11.012	11	98561
292	07.020	7	102335
293	01.039	1	89567
294	07.021	7	102846
295	07.022	7	103020
296	16.007	16	99338
297	04.021	4	95908
298	04.022	4	95393
299	04.023	4	97856
300	03.034	3	88264
301	13.010	13	84610
302	03.035	3	88135
303	03.036	3	94463
304	03.037	3	86508
305	11.013	11	94020
306	01.040	1	88372
307	18.004	18	92958
308	11.014	11	89947
309	11.015	11	90240
310	02.035	2	87159
311	01.041	1	87470
312	12.010	12	87279
313	03.038	3	90707
314	02.036	2	87254
315	01.042	1	86346
316	01.043	1	84915
317	17.006	17	89171
318	08.013	8	94280
319	03.039	3	90314
320	07.023	7	88987
321	04.024	4	83980
322	02.037	2	86563
323	04.025	4	93906
324	03.040	3	84450
325	01.044	1	85581
326	20.003	20	84881
327	12.011	12	87543
328	07.024	7	96081
329	01.045	1	82144
330	01.046	1	83327
331	10.013	10	99390
332	13.011	13	84650
333	01.047	1	79242
334	13.012	13	80273
335	07.025	7	98371
336	11.016	11	86937
337	05.024	5	90536
338	03.041	3	81030
339	01.048	1	81921
340	04.026	4	84583
341	14.008	14	80738
342	03.042	3	86104
343	01.049	1	78172
344	05.025	5	89259
345	01.050	1	77418
346	02.038	2	79438
347	15.012	15	77236
348	04.027	4	92445
349	05.026	5	85295
350	08.014	8	101043
351	14.009	14	80940
352	01.051	1	83425
353	02.039	2	83268
354	19.003	19	91405
355	02.040	2	77595
356	17.007	17	78452
357	01.052	1	75374
358	03.043	3	79876
359	04.028	4	84813
360	10.014	10	86159
361	01.053	1	78448
362	08.015	8	89899
363	14.010	14	77548
364	06.019	6	84114
365	17.008	17	75482
366	04.029	4	84468
367	01.054	1	78118
368	08.016	8	96087
369	08.017	8	89310
370	18.005	18	80400
371	08.018	8	87257
372	01.055	1	70306
373	05.027	5	82352
374	01.056	1	75451
375	04.030	4	74876
376	19.004	19	94832
377	08.019	8	92688
378	01.057	1	71375
379	01.058	1	72868
380	02.041	2	74556
381	11.017	11	81700
382	08.020	8	89353
383	03.044	3	80547
384	02.042	2	74633
385	01.059	1	73061
386	05.028	5	75794
387	15.013	15	72834
388	17.009	17	72802
389	02.043	2	71185
390	05.029	5	81383
391	07.026	7	76036
392	01.060	1	69260
393	07.027	7	77791
394	09.017	9	74477
395	01.061	1	68290
396	15.014	15	75784
397	01.062	1	68821
398	12.012	12	71225
399	08.021	8	87385
400	03.045	3	85955
401	02.044	2	72097
402	08.022	8	80518
403	01.063	1	69599
404	07.028	7	79452
405	01.064	1	67852
406	01.065	1	68316
407	01.066	1	69869
408	01.067	1	68762
409	04.031	4	75125
410	13.013	13	65889
411	06.020	6	78097
412	01.068	1	65611
413	06.021	6	79591
414	20.004	20	70044
415	04.032	4	71922
416	10.015	10	76571
417	07.029	7	72849
418	01.069	1	65669
419	12.013	12	67927
420	05.030	5	67436
421	01.070	1	63667
422	03.046	3	68569
423	11.018	11	70497
424	11.019	11	69355
425	12.014	12	66617
426	01.071	1	63028
427	04.033	4	66170
428	12.015	12	65197
429	01.072	1	65729
430	06.022	6	72956
431	02.045	2	64924
432	02.046	2	64146
433	04.034	4	70787
434	16.008	16	67599
435	05.031	5	65772
436	02.047	2	63893
437	20.005	20	63693
438	02.048	2	61206
439	14.011	14	61692
440	01.073	1	60641
441	10.016	10	71584
442	01.074	1	60561
443	04.035	4	68572
444	04.036	4	62270
445	01.075	1	61279
446	06.023	6	75449
447	10.017	10	112437
448	02.049	2	60298
449	08.023	8	73175
450	08.024	8	78657
451	15.015	15	62582
452	07.030	7	65916
453	09.018	9	68001
454	08.025	8	77375
455	05.032	5	62145
456	01.076	1	59482
457	02.050	2	61755
458	03.047	3	62513
459	05.033	5	66196
460	05.034	5	63802
461	03.048	3	64071
462	01.077	1	60279
463	05.035	5	66754
464	09.019	9	61437
465	15.016	15	60673
466	03.049	3	61251
467	14.012	14	59643
468	15.017	15	59300
469	06.024	6	68422
470	01.078	1	59228
471	14.013	14	59489
472	05.036	5	60322
473	01.079	1	54084
474	05.037	5	60906
475	03.050	3	62770
476	15.018	15	59467
477	04.037	4	60844
478	09.020	9	68774
479	01.080	1	55792
480	04.038	4	60354
481	05.038	5	66389
482	08.026	8	68542
483	12.016	12	58303
484	06.025	6	63721
485	02.051	2	53809
486	14.014	14	56985
487	01.081	1	53285
488	14.015	14	56589
489	05.039	5	58583
490	08.027	8	68174
491	06.026	6	64249
492	05.040	5	59547
493	14.016	14	55276
494	10.018	10	63264
495	13.014	13	53744
496	01.082	1	53343
497	10.019	10	64334
498	04.039	4	58918
499	02.052	2	54682
500	02.053	2	56754
501	03.051	3	56385
502	08.028	8	66136
503	13.015	13	53534
504	16.009	16	54581
505	07.031	7	59152
506	07.032	7	60145
507	03.052	3	53467
508	06.027	6	61528
509	13.016	13	52477
510	04.040	4	58572
511	10.020	10	57843
512	07.033	7	59338
513	10.021	10	63000
514	04.041	4	53431
515	07.034	7	57930
516	02.054	2	51205
517	06.028	6	59093
518	01.083	1	50654
519	13.017	13	46548
520	03.053	3	57652
521	02.055	2	50359
522	01.084	1	52419
523	01.085	1	49541
524	05.041	5	53200
525	06.029	6	55616
526	10.022	10	61978
527	06.030	6	57342
528	01.086	1	49328
529	11.020	11	53082
530	01.087	1	47210
531	03.054	3	48801
532	02.056	2	50372
533	12.017	12	49592
534	13.018	13	46174
535	03.055	3	51662
536	13.019	13	48264
537	13.020	13	49181
538	06.031	6	56443
539	02.057	2	46057
540	12.018	12	49567
541	03.056	3	50070
542	07.035	7	49212
543	01.088	1	47928
544	01.089	1	46958
545	06.032	6	52303
546	04.042	4	52321
547	11.021	11	51147
548	20.006	20	49021
549	11.022	11	52384
550	10.023	10	54984
551	05.042	5	54809
552	12.019	12	47637
553	16.010	16	48759
554	02.058	2	48645
555	01.090	1	46473
556	05.043	5	50183
557	05.044	5	51929
558	02.059	2	46103
559	14.017	14	46800
560	18.006	18	49555
561	01.091	1	46673
562	01.092	1	44485
563	07.036	7	51534
564	01.093	1	44024
565	03.057	3	43044
566	02.060	2	47213
567	06.033	6	52585
568	01.094	1	44673
569	04.043	4	47060
570	09.021	9	45900
571	06.034	6	44894
572	01.095	1	42242
573	06.035	6	54946
574	03.058	3	44710
575	06.036	6	46375
576	01.096	1	43832
577	03.059	3	42063
578	12.020	12	45159
579	06.037	6	45206
580	08.029	8	51077
581	04.044	4	49031
582	04.045	4	42941
583	14.018	14	42063
584	16.011	16	43854
585	20.007	20	41319
586	08.030	8	48433
587	01.097	1	40408
588	05.045	5	49235
589	08.031	8	47817
590	08.032	8	52037
591	07.037	7	42470
592	13.021	13	39035
593	06.038	6	47524
594	09.022	9	40285
595	07.038	7	44678
596	01.098	1	38387
597	15.019	15	40860
598	09.023	9	39735
599	07.039	7	42380
600	08.033	8	46237
601	09.024	9	41078
602	07.040	7	40912
603	05.046	5	39297
604	05.047	5	45974
605	19.005	19	45937
606	01.099	1	36780
607	05.048	5	42240
608	06.039	6	43294
609	08.034	8	44434
610	08.035	8	46284
611	04.046	4	40676
612	03.060	3	36237
613	10.024	10	46853
614	01.100	1	35728
615	01.101	1	37308
616	03.061	3	41276
617	01.102	1	36394
618	06.040	6	39299
619	08.036	8	41349
620	01.103	1	38083
621	10.025	10	40710
622	12.021	12	36058
623	09.025	9	38596
624	19.006	19	43562
625	04.047	4	39656
626	13.022	13	31971
627	01.104	1	34362
628	14.019	14	35785
629	16.012	16	37898
630	11.023	11	36206
631	02.061	2	35000
632	08.037	8	40735
633	06.041	6	47633
634	05.049	5	36608
635	15.020	15	36406
636	18.007	18	36731
637	01.105	1	32771
638	02.062	2	33532
639	05.050	5	36178
640	06.042	6	38351
641	01.106	1	33324
642	07.041	7	37260
643	10.026	10	39282
644	16.013	16	35895
645	04.048	4	36502
646	08.038	8	39777
647	15.021	15	33612
648	08.039	8	39010
649	03.062	3	36170
650	03.063	3	35452
651	07.042	7	38997
652	01.107	1	32601
653	01.108	1	32225
654	07.043	7	35932
655	12.022	12	34092
656	02.063	2	34800
657	04.049	4	32835
658	04.050	4	37617
659	06.043	6	38759
660	05.051	5	37269
661	06.044	6	36262
662	10.027	10	36644
663	04.051	4	33148
664	10.028	10	34880
665	03.064	3	34782
666	18.008	18	34520
667	05.052	5	32189
668	02.064	2	32256
669	01.109	1	30954
670	08.040	8	37782
671	10.029	10	35483
672	10.030	10	37560
673	04.052	4	33136
674	02.065	2	31523
675	06.045	6	34294
676	08.041	8	38407
677	14.020	14	29962
678	11.024	11	33444
679	05.053	5	31533
680	18.009	18	33095
681	03.065	3	30313
682	03.066	3	31351
683	03.067	3	31113
684	04.053	4	30328
685	02.066	2	28380
686	04.054	4	30979
687	11.025	11	29969
688	08.042	8	33151
689	01.110	1	28094
690	10.031	10	32721
691	15.022	15	27085
692	15.023	15	29318
693	19.007	19	32821
694	02.067	2	28020
695	08.043	8	34523
696	19.008	19	31311
697	13.023	13	28021
698	01.111	1	26647
699	10.032	10	45173
700	10.033	10	49792
701	08.044	8	32038
702	08.045	8	35597
703	06.046	6	31447
704	16.014	16	28835
705	03.068	3	28944
706	18.010	18	27826
707	04.055	4	30106
708	01.112	1	26601
709	08.046	8	30215
710	05.054	5	28880
711	10.034	10	31533
712	12.023	12	27146
713	02.068	2	25685
714	03.069	3	25823
715	01.113	1	23930
716	07.044	7	27934
717	07.045	7	27109
718	19.009	19	26895
719	06.047	6	28883
720	01.114	1	24714
721	10.035	10	52245
722	05.055	5	28547
723	02.069	2	24233
724	10.036	10	28835
725	19.010	19	29669
726	08.047	8	27142
727	06.048	6	23023
728	06.049	6	26936
729	10.037	10	44932
730	13.024	13	22803
731	01.115	1	22342
732	01.116	1	21674
733	06.050	6	26454
734	02.070	2	22786
735	13.025	13	22253
736	10.038	10	26901
737	17.010	17	23076
738	16.015	16	24065
739	07.046	7	25537
740	08.048	8	25490
741	06.051	6	24440
742	14.021	14	22961
743	10.039	10	24607
744	17.011	17	24985
745	08.049	8	25724
746	04.056	4	23623
747	11.026	11	23516
748	06.052	6	23785
749	02.071	2	22147
750	01.117	1	20620
751	04.057	4	23758
752	05.056	5	22758
753	05.057	5	23309
754	07.047	7	26961
755	01.118	1	20088
756	08.050	8	26021
757	03.070	3	23459
758	10.040	10	24992
759	14.022	14	21650
760	16.016	16	23257
761	04.058	4	22048
762	01.119	1	20698
763	06.053	6	21548
764	02.072	2	19562
765	08.051	8	22871
766	08.052	8	24126
767	11.027	11	21910
768	17.012	17	21272
769	08.053	8	24990
770	19.011	19	23997
771	04.059	4	21360
772	08.054	8	22742
773	08.055	8	23846
774	01.120	1	19216
775	01.121	1	19709
776	08.056	8	22218
777	16.017	16	21595
778	01.122	1	19019
779	11.028	11	22361
780	04.060	4	20345
781	08.057	8	20126
782	06.054	6	22322
783	03.071	3	19016
784	02.073	2	19385
785	06.055	6	22903
786	16.018	16	20076
787	19.012	19	22260
788	05.058	5	20451
789	12.024	12	19636
790	02.074	2	17374
791	01.123	1	19045
792	08.058	8	22558
793	08.059	8	21415
794	04.061	4	20557
795	04.062	4	20638
796	13.026	13	16600
797	05.059	5	20288
798	08.060	8	23274
799	03.072	3	17989
800	14.023	14	18140
801	14.024	14	18346
802	06.056	6	19745
803	19.013	19	21081
804	04.063	4	21528
805	15.024	15	18706
806	08.061	8	20873
807	08.062	8	21042
808	11.029	11	18461
809	06.057	6	20315
810	03.073	3	19302
811	06.058	6	20710
812	03.074	3	14845
813	02.075	2	17740
814	04.064	4	17890
815	08.063	8	20226
816	11.030	11	17523
817	19.014	19	18485
818	12.025	12	17149
819	01.124	1	16685
820	01.125	1	16153
821	04.065	4	17817
822	08.064	8	19645
823	06.059	6	19333
824	08.065	8	19128
825	08.066	8	18147
826	01.126	1	16641
827	19.015	19	18308
828	09.026	9	15705
829	06.060	6	17597
830	08.067	8	18975
831	13.027	13	15131
832	10.041	10	17309
833	08.068	8	17589
834	06.061	6	19788
835	08.069	8	20520
836	10.042	10	17438
837	02.076	2	15291
838	08.070	8	17209
839	09.027	9	15794
840	06.062	6	15926
841	08.071	8	18933
842	19.016	19	15828
843	06.063	6	16802
844	08.072	8	16894
845	04.066	4	15094
846	12.026	12	14799
847	01.127	1	14297
848	06.064	6	16214
849	03.075	3	14955
850	02.077	2	14461
851	06.065	6	16531
852	06.066	6	16693
853	13.028	13	14209
854	19.017	19	15731
855	18.011	18	14438
856	08.073	8	15922
857	11.031	11	15318
858	05.060	5	14442
859	03.076	3	14400
860	10.043	10	26291
861	14.025	14	13639
862	07.048	7	14150
863	03.077	3	13167
864	10.044	10	27146
865	08.074	8	15185
866	16.019	16	14870
867	01.128	1	12739
868	08.075	8	14665
869	09.028	9	14124
870	01.129	1	11907
871	04.067	4	14012
872	06.067	6	14213
873	01.130	1	12516
874	01.131	1	12118
875	01.132	1	11751
876	18.012	18	13388
877	06.068	6	13649
878	18.013	18	12817
879	08.076	8	15333
880	11.032	11	12947
881	04.068	4	13449
882	13.029	13	11603
883	01.133	1	12226
884	06.069	6	12726
885	08.077	8	13353
886	14.026	14	11632
887	15.025	15	12814
888	06.070	6	13454
889	03.078	3	10657
890	08.078	8	13441
891	02.078	2	11902
892	16.020	16	15564
893	06.071	6	14067
894	06.072	6	13484
895	10.045	10	19110
896	03.079	3	12022
897	08.079	8	13322
898	04.069	4	12878
899	11.033	11	12710
900	04.070	4	12274
901	19.018	19	23762
902	14.027	14	11667
903	04.071	4	12372
904	05.061	5	12262
905	15.026	15	11811
906	06.073	6	12561
907	10.046	10	12019
908	04.072	4	12375
909	19.019	19	12070
910	08.080	8	12661
911	19.020	19	12224
912	06.074	6	11013
913	17.013	17	11427
914	10.047	10	11253
915	10.048	10	10400
916	07.049	7	12782
917	19.021	19	12695
